date,0,1,2,3,4,total,mean
1999-12-10 07:00:00,0,0,0,2,0,2,0.4
1999-12-11 06:39:00,0,2,0,0,0,2,0.4
2000-01-04 11:39:00,0,0,0,1,0,1,0.2
2000-01-05 05:35:00,2,0,0,0,0,2,0.4
2000-01-05 13:24:00,0,1,0,0,0,1,0.2
2000-01-06 07:19:00,0,0,0,2,0,2,0.4
2000-01-07 16:23:00,0,0,0,1,0,1,0.2
2000-01-07 16:29:00,0,1,0,0,0,1,0.2
2000-01-07 23:29:00,2,0,0,0,0,2,0.4
2000-01-10 01:43:00,0,0,0,2,0,2,0.4
2000-01-10 02:29:00,0,0,0,2,0,2,0.4
2000-01-12 09:52:00,0,0,0,0,2,2,0.4
2000-01-13 02:30:00,2,0,0,0,0,2,0.4
2000-01-13 03:35:00,2,0,0,0,0,2,0.4
2000-01-17 00:47:00,2,0,0,0,0,2,0.4
2000-01-18 10:03:00,2,0,0,0,0,2,0.4
2000-01-18 10:06:00,0,0,0,2,0,2,0.4
2000-01-27 08:44:00,2,0,0,0,0,2,0.4
2000-01-31 04:28:00,2,0,0,0,0,2,0.4
2000-01-31 06:21:00,2,0,0,0,0,2,0.4
2000-02-01 08:07:00,0,0,0,0,2,2,0.4
2000-02-02 05:44:00,0,0,0,0,2,2,0.4
2000-02-04 08:54:00,2,0,0,0,0,2,0.4
2000-02-04 09:09:00,2,0,0,0,0,2,0.4
2000-02-07 07:36:00,0,0,2,0,0,2,0.4
2000-02-07 07:37:00,0,0,2,0,0,2,0.4
2000-02-07 07:39:00,0,0,2,0,0,2,0.4
2000-02-07 08:53:00,2,0,0,0,0,2,0.4
2000-02-09 02:12:00,0,0,2,0,0,2,0.4
2000-02-09 02:27:00,2,0,0,0,0,2,0.4
2000-02-10 01:46:00,0,0,0,0,1,1,0.2
2000-02-11 04:31:00,2,0,0,0,0,2,0.4
2000-02-11 07:39:00,0,0,0,2,0,2,0.4
2000-02-15 04:53:00,0,0,2,0,0,2,0.4
2000-02-15 05:42:00,0,0,0,0,2,2,0.4
2000-02-17 05:07:00,2,0,0,0,0,2,0.4
2000-02-17 05:39:00,0,0,0,0,2,2,0.4
2000-02-17 07:01:00,0,0,0,1,0,1,0.2
2000-02-17 07:37:00,0,0,0,1,0,1,0.2
2000-02-21 00:07:00,0,0,0,2,0,2,0.4
2000-02-21 23:03:00,0,0,2,0,0,2,0.4
2000-02-28 03:19:00,2,0,0,0,0,2,0.4
2000-03-02 05:07:00,2,0,0,0,0,2,0.4
2000-03-02 05:08:00,0,0,0,0,2,2,0.4
2000-03-03 00:39:00,0,0,0,2,0,2,0.4
2000-03-03 02:53:00,0,0,2,0,0,2,0.4
2000-03-03 04:33:00,0,0,0,2,0,2,0.4
2000-03-03 04:48:00,0,0,2,0,0,2,0.4
2000-03-06 05:27:00,0,0,0,2,0,2,0.4
2000-03-07 09:02:00,0,0,2,0,0,2,0.4
2000-03-09 06:00:00,2,0,0,0,0,2,0.4
2000-03-09 06:20:00,2,0,0,0,0,2,0.4
2000-03-13 02:22:00,0,0,0,0,2,2,0.4
2000-03-13 05:31:00,0,0,0,0,2,2,0.4
2000-03-13 05:32:00,0,0,0,0,2,2,0.4
2000-03-13 09:35:00,2,0,0,0,0,2,0.4
2000-03-14 03:42:00,0,0,0,2,0,2,0.4
2000-03-14 04:19:00,2,0,0,0,0,2,0.4
2000-03-14 17:07:00,0,0,0,0,1,1,0.2
2000-03-15 02:00:00,2,0,0,0,0,2,0.4
2000-03-15 04:44:00,0,0,2,0,0,2,0.4
2000-03-16 06:09:00,2,0,0,0,0,2,0.4
2000-03-20 00:58:00,2,0,0,0,0,2,0.4
2000-03-21 05:26:00,0,0,0,2,0,2,0.4
2000-03-22 00:36:00,2,0,0,0,0,2,0.4
2000-03-22 01:27:00,0,0,2,0,0,2,0.4
2000-03-22 05:48:00,0,0,0,0,2,2,0.4
2000-03-23 01:32:00,2,0,0,0,0,2,0.4
2000-03-24 01:00:00,0,0,0,2,0,2,0.4
2000-03-27 03:20:00,0,0,2,0,0,2,0.4
2000-03-27 23:52:00,2,0,0,0,0,2,0.4
2000-03-28 06:12:00,2,0,0,0,0,2,0.4
2000-03-28 06:33:00,2,0,0,0,0,2,0.4
2000-03-28 08:22:00,0,0,0,0,2,2,0.4
2000-03-30 01:58:00,0,0,2,0,0,2,0.4
2000-04-05 10:13:00,0,0,0,2,0,2,0.4
2000-04-06 05:18:00,0,0,0,0,2,2,0.4
2000-04-10 07:09:00,2,0,0,0,0,2,0.4
2000-04-13 04:04:00,0,0,0,0,2,2,0.4
2000-04-13 04:41:00,0,0,0,0,2,2,0.4
2000-04-24 00:00:00,0,0,2,0,0,2,0.4
2000-04-25 05:22:00,0,0,2,0,0,2,0.4
2000-04-26 01:38:00,0,0,0,2,0,2,0.4
2000-04-26 01:42:00,0,0,0,2,0,2,0.4
2000-04-27 06:40:00,0,0,0,2,0,2,0.4
2000-04-27 06:55:00,0,0,0,2,0,2,0.4
2000-04-28 02:05:00,0,0,0,2,0,2,0.4
2000-05-01 03:56:00,2,0,0,0,0,2,0.4
2000-05-11 01:16:00,2,0,0,0,0,2,0.4
2000-05-19 03:46:00,2,0,0,0,0,2,0.4
2000-05-19 03:53:00,0,0,2,0,0,2,0.4
2000-05-22 04:44:00,2,0,0,0,0,2,0.4
2000-05-23 07:32:00,2,0,0,0,0,2,0.4
2000-05-24 09:00:00,2,0,0,0,0,2,0.4
2000-05-26 00:08:00,2,0,0,0,0,2,0.4
2000-05-26 06:10:00,2,0,0,0,0,2,0.4
2000-05-26 07:19:00,2,0,0,0,0,2,0.4
2000-05-30 06:32:00,2,0,0,0,0,2,0.4
2000-05-31 10:01:00,0,0,0,2,0,2,0.4
2000-06-02 03:37:00,0,0,2,0,0,2,0.4
2000-06-02 08:37:00,0,0,2,0,0,2,0.4
2000-06-05 04:59:00,0,0,2,0,0,2,0.4
2000-06-06 05:26:00,2,0,0,0,0,2,0.4
2000-06-06 05:27:00,4,0,0,0,0,4,0.8
2000-06-08 10:17:00,0,0,0,2,0,2,0.4
2000-06-12 03:56:00,0,0,0,2,0,2,0.4
2000-06-13 03:32:00,0,0,2,0,0,2,0.4
2000-06-13 07:24:00,0,0,2,0,0,2,0.4
2000-06-22 00:26:00,0,0,2,0,0,2,0.4
2000-06-23 04:46:00,2,0,0,0,0,2,0.4
2000-06-26 06:57:00,2,0,0,0,0,2,0.4
2000-06-26 07:13:00,2,0,0,0,0,2,0.4
2000-06-26 07:54:00,2,0,0,0,0,2,0.4
2000-06-27 05:33:00,0,0,0,2,0,2,0.4
2000-06-27 09:40:00,0,0,0,2,0,2,0.4
2000-06-30 05:54:00,2,0,0,0,0,2,0.4
2000-06-30 07:31:00,0,0,0,0,2,2,0.4
2000-07-06 08:45:00,2,0,0,0,0,2,0.4
2000-07-06 09:38:00,0,2,0,0,0,2,0.4
2000-07-07 06:41:00,2,0,0,0,0,2,0.4
2000-07-07 06:56:00,0,0,0,0,2,2,0.4
2000-07-07 09:39:00,0,0,2,0,0,2,0.4
2000-07-07 09:41:00,0,0,2,0,0,2,0.4
2000-07-10 06:54:00,0,2,0,0,0,2,0.4
2000-07-10 06:56:00,2,0,0,0,0,2,0.4
2000-07-10 09:47:00,2,0,0,0,0,2,0.4
2000-07-10 23:12:00,0,0,0,2,0,2,0.4
2000-07-10 23:26:00,0,0,0,2,0,2,0.4
2000-07-11 02:12:00,0,0,2,0,0,2,0.4
2000-07-11 02:50:00,2,0,0,0,0,2,0.4
2000-07-11 05:54:00,2,0,0,0,0,2,0.4
2000-07-11 09:24:00,0,0,0,0,2,2,0.4
2000-07-11 09:59:00,0,0,0,0,2,2,0.4
2000-07-12 07:19:00,0,0,0,2,0,2,0.4
2000-07-13 03:24:00,0,0,0,2,0,2,0.4
2000-07-14 06:51:00,0,0,0,2,0,2,0.4
2000-07-14 06:59:00,1,0,0,0,0,1,0.2
2000-07-14 07:01:00,2,0,0,0,0,2,0.4
2000-07-17 03:46:00,2,0,0,0,0,2,0.4
2000-07-18 02:38:00,0,0,0,2,0,2,0.4
2000-07-19 03:39:00,0,0,0,0,2,2,0.4
2000-07-20 09:59:00,0,0,0,0,2,2,0.4
2000-07-24 03:15:00,0,0,0,2,0,2,0.4
2000-07-25 10:08:00,0,2,0,0,0,2,0.4
2000-07-26 03:44:00,0,2,0,0,0,2,0.4
2000-07-26 03:46:00,0,0,2,0,0,2,0.4
2000-07-26 03:56:00,2,0,0,0,0,2,0.4
2000-08-03 00:12:00,0,0,0,0,2,2,0.4
2000-08-04 05:43:00,0,0,2,0,0,2,0.4
2000-08-04 07:00:00,0,0,2,0,0,2,0.4
2000-08-05 09:38:00,2,0,0,0,0,2,0.4
2000-08-07 00:06:00,0,0,0,2,0,2,0.4
2000-08-07 02:14:00,2,0,0,0,0,2,0.4
2000-08-07 05:43:00,0,0,0,2,0,2,0.4
2000-08-08 09:27:00,2,0,0,0,0,2,0.4
2000-08-08 09:30:00,2,0,0,0,0,2,0.4
2000-08-08 09:31:00,2,0,0,0,0,2,0.4
2000-08-09 06:28:00,0,0,0,2,0,2,0.4
2000-08-09 06:36:00,1,0,0,0,0,1,0.2
2000-08-09 07:11:00,0,0,2,0,0,2,0.4
2000-08-09 07:12:00,0,0,0,2,0,2,0.4
2000-08-10 01:52:00,2,0,0,0,0,2,0.4
2000-08-10 05:36:00,2,0,0,0,0,2,0.4
2000-08-10 15:02:00,2,0,0,0,0,2,0.4
2000-08-15 05:37:00,0,0,2,0,0,2,0.4
2000-08-16 03:57:00,0,0,0,2,0,2,0.4
2000-08-16 03:59:00,0,0,0,0,2,2,0.4
2000-08-16 05:35:00,2,0,0,0,0,2,0.4
2000-08-17 08:53:00,0,0,2,0,0,2,0.4
2000-08-20 10:38:00,2,0,0,0,0,2,0.4
2000-08-20 10:39:00,4,0,0,0,0,4,0.8
2000-08-21 09:40:00,0,0,2,0,0,2,0.4
2000-08-22 07:44:00,0,0,0,0,1,1,0.2
2000-08-22 08:22:00,0,0,0,0,2,2,0.4
2000-08-23 04:25:00,2,0,0,0,0,2,0.4
2000-08-23 07:09:00,0,0,0,2,0,2,0.4
2000-08-23 08:22:00,1,0,0,0,0,1,0.2
2000-08-23 08:23:00,0,0,0,0,2,2,0.4
2000-08-24 02:48:00,0,0,0,0,2,2,0.4
2000-08-25 01:47:00,0,0,2,0,0,2,0.4
2000-08-25 01:58:00,2,0,0,0,0,2,0.4
2000-08-25 03:30:00,0,0,2,0,0,2,0.4
2000-08-25 04:03:00,0,0,2,0,0,2,0.4
2000-08-25 06:32:00,0,0,2,0,0,2,0.4
2000-08-28 06:07:00,0,0,0,2,0,2,0.4
2000-08-28 06:12:00,0,0,2,0,0,2,0.4
2000-08-28 06:40:00,2,0,0,0,0,2,0.4
2000-08-28 09:30:00,2,0,0,0,0,2,0.4
2000-08-29 05:38:00,0,0,2,0,0,2,0.4
2000-08-29 09:20:00,0,0,2,0,0,2,0.4
2000-08-30 06:20:00,2,0,0,0,0,2,0.4
2000-08-30 08:14:00,2,0,0,0,0,2,0.4
2000-08-31 03:17:00,2,0,0,0,0,2,0.4
2000-08-31 04:17:00,0,0,1,0,0,1,0.2
2000-08-31 05:02:00,2,0,0,0,0,2,0.4
2000-08-31 05:07:00,1,0,0,0,0,1,0.2
2000-08-31 06:14:00,0,0,0,0,2,2,0.4
2000-08-31 06:54:00,0,0,0,2,0,2,0.4
2000-08-31 07:36:00,0,0,2,0,0,2,0.4
2000-09-01 06:08:00,2,0,0,0,0,2,0.4
2000-09-05 06:30:00,2,0,0,0,0,2,0.4
2000-09-05 06:51:00,2,0,0,0,0,2,0.4
2000-09-05 23:22:00,2,0,0,0,0,2,0.4
2000-09-06 03:46:00,2,0,0,0,0,2,0.4
2000-09-06 04:46:00,2,0,0,0,0,2,0.4
2000-09-06 06:04:00,2,0,0,0,0,2,0.4
2000-09-06 07:00:00,0,0,0,2,0,2,0.4
2000-09-06 07:02:00,0,0,0,2,0,2,0.4
2000-09-06 08:54:00,2,0,0,0,0,2,0.4
2000-09-08 05:29:00,2,0,0,0,0,2,0.4
2000-09-08 05:30:00,0,0,0,2,0,2,0.4
2000-09-11 02:19:00,2,0,0,0,0,2,0.4
2000-09-11 07:16:00,0,2,0,0,0,2,0.4
2000-09-11 08:07:00,2,0,0,0,0,2,0.4
2000-09-11 09:30:00,0,0,2,0,0,2,0.4
2000-09-11 09:57:00,2,0,0,0,0,2,0.4
2000-09-12 00:27:00,0,0,2,0,0,2,0.4
2000-09-12 04:23:00,0,0,0,0,2,2,0.4
2000-09-12 06:06:00,2,0,0,0,0,2,0.4
2000-09-12 06:42:00,2,0,0,0,0,2,0.4
2000-09-13 06:02:00,0,0,0,0,2,2,0.4
2000-09-18 02:34:00,0,2,0,0,0,2,0.4
2000-09-19 03:15:00,2,0,0,0,0,2,0.4
2000-09-19 07:26:00,0,2,0,0,0,2,0.4
2000-09-19 09:35:00,2,0,0,0,0,2,0.4
2000-09-20 06:34:00,2,0,0,0,0,2,0.4
2000-09-20 08:06:00,2,0,0,0,0,2,0.4
2000-09-22 00:06:00,2,0,0,0,0,2,0.4
2000-09-25 05:47:00,0,0,0,0,2,2,0.4
2000-09-25 07:01:00,0,0,0,4,0,4,0.8
2000-09-25 07:04:00,0,0,0,0,2,2,0.4
2000-09-26 04:57:00,2,0,0,0,0,2,0.4
2000-09-26 05:07:00,0,0,0,2,0,2,0.4
2000-09-26 05:08:00,0,0,0,2,0,2,0.4
2000-09-26 05:11:00,2,0,0,0,0,2,0.4
2000-09-26 07:01:00,0,0,0,0,2,2,0.4
2000-09-26 09:26:00,2,0,0,0,0,2,0.4
2000-09-26 09:28:00,2,0,0,0,0,2,0.4
2000-09-28 05:56:00,0,2,0,0,0,2,0.4
2000-09-28 06:17:00,0,0,0,2,0,2,0.4
2000-10-02 02:19:00,2,0,0,0,0,2,0.4
2000-10-03 03:17:00,0,0,0,2,0,2,0.4
2000-10-03 09:13:00,0,0,2,0,0,2,0.4
2000-10-03 09:15:00,0,0,0,0,2,2,0.4
2000-10-03 09:30:00,2,0,0,0,0,2,0.4
2000-10-04 09:23:00,0,0,0,0,2,2,0.4
2000-10-05 05:55:00,0,0,2,0,0,2,0.4
2000-10-05 06:26:00,0,0,2,0,0,2,0.4
2000-10-09 07:00:00,0,0,0,2,0,2,0.4
2000-10-09 07:16:00,0,0,0,2,0,2,0.4
2000-10-13 06:45:00,1,0,0,0,0,1,0.2
2000-10-16 06:42:00,0,0,0,0,1,1,0.2
2000-10-16 06:44:00,0,0,0,1,0,1,0.2
2000-10-17 02:26:00,1,0,0,0,0,1,0.2
2000-10-18 03:00:00,0,0,0,0,1,1,0.2
2000-10-18 07:44:00,0,0,1,0,0,1,0.2
2000-10-20 03:06:00,0,1,0,0,0,1,0.2
2000-10-23 06:13:00,0,0,0,1,0,1,0.2
2000-10-23 08:55:00,1,0,0,0,0,1,0.2
2000-10-24 05:16:00,1,0,0,0,0,1,0.2
2000-10-24 05:52:00,0,0,0,1,0,1,0.2
2000-10-24 06:29:00,0,1,0,0,0,1,0.2
2000-10-24 07:50:00,0,0,1,0,0,1,0.2
2000-10-24 09:49:00,1,0,0,0,0,1,0.2
2000-10-25 09:08:00,0,0,0,1,0,1,0.2
2000-10-25 10:31:00,0,0,1,0,0,1,0.2
2000-10-27 00:17:00,1,0,0,0,0,1,0.2
2000-10-27 03:30:00,1,0,0,0,0,1,0.2
2000-10-27 03:59:00,1,0,0,0,0,1,0.2
2000-10-30 01:14:00,0,0,0,1,0,1,0.2
2000-10-31 04:12:00,0,0,0,0,1,1,0.2
2000-10-31 04:27:00,1,0,0,0,0,1,0.2
2000-10-31 04:44:00,0,0,0,0,1,1,0.2
2000-10-31 07:00:00,0,0,0,1,0,1,0.2
2000-10-31 07:02:00,1,0,0,0,0,1,0.2
2000-11-01 03:34:00,1,0,0,0,0,1,0.2
2000-11-01 07:17:00,1,0,0,0,0,1,0.2
2000-11-01 08:05:00,1,0,0,0,0,1,0.2
2000-11-02 02:36:00,1,0,0,0,0,1,0.2
2000-11-02 05:26:00,1,0,0,0,0,1,0.2
2000-11-02 08:12:00,0,0,0,0,1,1,0.2
2000-11-03 05:57:00,0,0,0,1,0,1,0.2
2000-11-03 07:43:00,1,0,0,0,0,1,0.2
2000-11-13 05:25:00,0,0,1,0,0,1,0.2
2000-11-13 05:26:00,0,0,1,0,0,1,0.2
2000-11-14 06:33:00,0,0,0,1,0,1,0.2
2000-11-14 09:08:00,1,0,0,0,0,1,0.2
2000-11-15 08:10:00,0,1,0,0,0,1,0.2
2000-11-16 06:50:00,0,1,0,0,0,1,0.2
2000-11-16 06:51:00,0,1,0,0,0,1,0.2
2000-11-17 00:27:00,0,0,0,1,0,1,0.2
2000-11-17 04:04:00,0,0,0,1,0,1,0.2
2000-11-17 06:58:00,0,0,1,0,0,1,0.2
2000-11-21 03:23:00,1,0,0,0,0,1,0.2
2000-11-28 09:48:00,1,0,0,0,0,1,0.2
2000-11-29 02:02:00,0,0,0,1,0,1,0.2
2000-11-29 08:22:00,0,0,1,0,0,1,0.2
2000-12-04 06:23:00,0,0,1,0,0,1,0.2
2000-12-05 07:31:00,0,0,1,0,0,1,0.2
2000-12-06 04:41:00,1,0,0,0,0,1,0.2
2000-12-06 04:43:00,0,1,0,0,0,1,0.2
2000-12-06 08:04:00,2,0,0,0,0,2,0.4
2000-12-07 01:09:00,2,0,0,0,0,2,0.4
2000-12-07 01:55:00,0,0,0,1,0,1,0.2
2000-12-07 06:23:00,2,0,0,0,0,2,0.4
2000-12-11 06:10:00,0,0,2,0,0,2,0.4
2000-12-11 08:27:00,0,0,0,1,0,1,0.2
2000-12-12 03:25:00,1,0,0,0,0,1,0.2
2000-12-12 04:02:00,1,0,0,0,0,1,0.2
2000-12-12 04:03:00,0,0,0,2,0,2,0.4
2000-12-12 04:41:00,0,0,0,1,0,1,0.2
2000-12-12 04:53:00,1,0,0,0,0,1,0.2
2000-12-12 05:27:00,0,0,1,0,0,1,0.2
2000-12-12 23:04:00,1,0,0,0,0,1,0.2
2000-12-12 23:19:00,1,0,0,0,0,1,0.2
2000-12-12 23:38:00,1,0,0,0,0,1,0.2
2000-12-12 23:55:00,0,0,0,0,1,1,0.2
2000-12-13 02:17:00,0,0,0,0,1,1,0.2
2000-12-13 02:28:00,0,0,0,1,0,1,0.2
2000-12-13 02:33:00,0,0,0,1,0,1,0.2
2000-12-13 03:28:00,0,0,0,0,2,2,0.4
2000-12-13 05:09:00,1,0,0,0,0,1,0.2
2000-12-13 05:26:00,0,1,0,0,0,1,0.2
2000-12-13 05:40:00,0,1,0,0,0,1,0.2
2000-12-13 06:04:00,1,0,0,0,0,1,0.2
2000-12-13 06:06:00,1,0,0,0,0,1,0.2
2000-12-13 06:08:00,0,0,0,0,1,1,0.2
2000-12-13 06:34:00,0,0,0,0,1,1,0.2
2000-12-13 06:35:00,1,0,0,0,0,1,0.2
2000-12-13 07:04:00,0,0,2,0,0,2,0.4
2000-12-13 08:01:00,0,1,0,0,0,1,0.2
2000-12-13 08:04:00,1,0,0,0,0,1,0.2
2000-12-13 08:11:00,1,0,0,0,0,1,0.2
2000-12-13 08:35:00,1,0,0,0,0,1,0.2
2000-12-13 08:47:00,1,0,0,0,0,1,0.2
2000-12-13 08:50:00,1,0,0,0,0,1,0.2
2000-12-13 10:04:00,0,0,0,0,1,1,0.2
2000-12-13 13:28:00,0,0,0,0,1,1,0.2
2000-12-13 18:41:00,1,0,0,0,0,1,0.2
2000-12-14 02:08:00,1,0,0,0,0,1,0.2
2000-12-14 02:11:00,0,0,0,0,1,1,0.2
2000-12-14 03:15:00,0,0,0,1,0,1,0.2
2000-12-14 06:15:00,1,0,0,0,0,1,0.2
2000-12-14 06:33:00,1,0,0,0,0,1,0.2
2000-12-15 07:38:00,0,0,1,0,0,1,0.2
2000-12-18 05:26:00,0,0,0,0,1,1,0.2
2000-12-18 05:31:00,0,0,1,0,0,1,0.2
2000-12-18 06:08:00,0,0,0,1,0,1,0.2
2000-12-18 07:43:00,0,0,0,1,0,1,0.2
2000-12-18 12:22:00,1,0,0,0,0,1,0.2
2000-12-19 23:20:00,0,0,0,0,1,1,0.2
2000-12-20 07:51:00,1,0,0,0,0,1,0.2
2000-12-20 07:57:00,1,0,0,0,0,1,0.2
2000-12-22 01:21:00,0,0,1,0,0,1,0.2
2000-12-22 01:54:00,0,0,1,0,0,1,0.2
2000-12-22 07:06:00,0,1,0,0,0,1,0.2
2000-12-27 04:43:00,1,0,0,0,0,1,0.2
2000-12-27 08:00:00,0,0,0,1,0,1,0.2
2000-12-27 08:27:00,0,0,1,0,0,1,0.2
2000-12-28 04:18:00,0,0,0,1,0,1,0.2
2000-12-28 05:19:00,0,1,0,0,0,1,0.2
2000-12-29 02:14:00,0,0,0,1,0,1,0.2
2001-01-02 01:36:00,0,0,0,0,1,1,0.2
2001-01-04 04:01:00,1,0,0,0,0,1,0.2
2001-01-04 04:10:00,1,0,0,0,0,1,0.2
2001-01-04 06:41:00,1,0,0,0,0,1,0.2
2001-01-04 23:26:00,0,1,0,0,0,1,0.2
2001-01-05 03:43:00,1,0,0,0,0,1,0.2
2001-01-08 23:36:00,0,1,0,0,0,1,0.2
2001-01-09 03:06:00,0,1,0,0,0,1,0.2
2001-01-09 09:51:00,0,1,0,0,0,1,0.2
2001-01-10 22:57:00,0,0,0,0,1,1,0.2
2001-01-11 05:49:00,1,0,0,0,0,1,0.2
2001-01-11 06:18:00,1,0,0,0,0,1,0.2
2001-01-12 05:18:00,0,0,0,0,1,1,0.2
2001-01-12 05:34:00,0,0,0,1,0,1,0.2
2001-01-12 05:45:00,0,0,0,1,0,1,0.2
2001-01-12 05:46:00,0,0,1,0,0,1,0.2
2001-01-13 11:26:00,0,0,0,1,0,1,0.2
2001-01-15 23:18:00,0,0,0,0,1,1,0.2
2001-01-15 23:25:00,0,0,0,1,0,1,0.2
2001-01-17 07:35:00,1,0,0,0,0,1,0.2
2001-01-18 02:08:00,0,0,1,0,0,1,0.2
2001-01-18 02:12:00,1,0,0,0,0,1,0.2
2001-01-22 00:34:00,0,0,1,0,0,1,0.2
2001-01-22 00:38:00,0,0,0,1,0,1,0.2
2001-01-22 01:24:00,0,1,0,0,0,1,0.2
2001-01-22 06:06:00,1,0,0,0,0,1,0.2
2001-01-24 09:23:00,1,0,0,0,0,1,0.2
2001-01-24 23:40:00,0,0,1,0,0,1,0.2
2001-01-25 00:17:00,1,0,0,0,0,1,0.2
2001-01-25 02:11:00,0,0,1,0,0,1,0.2
2001-01-25 04:39:00,0,0,0,0,1,1,0.2
2001-01-25 04:45:00,0,0,0,1,0,1,0.2
2001-01-25 04:49:00,0,0,0,0,1,1,0.2
2001-01-26 01:41:00,0,1,0,0,0,1,0.2
2001-01-26 01:55:00,0,0,0,1,0,1,0.2
2001-01-26 01:57:00,0,0,1,0,0,1,0.2
2001-01-26 07:15:00,0,0,0,1,0,1,0.2
2001-01-29 04:15:00,0,1,0,0,0,1,0.2
2001-01-29 07:19:00,0,1,0,0,0,1,0.2
2001-01-29 07:26:00,1,0,0,0,0,1,0.2
2001-01-29 23:00:00,0,0,0,0,1,1,0.2
2001-01-30 03:17:00,0,0,0,1,0,1,0.2
2001-01-30 03:45:00,0,0,1,0,0,1,0.2
2001-01-30 23:14:00,0,0,0,1,0,1,0.2
2001-01-31 08:20:00,0,1,0,0,0,1,0.2
2001-01-31 08:51:00,1,0,0,0,0,1,0.2
2001-02-01 03:07:00,0,0,0,1,0,1,0.2
2001-02-01 04:03:00,1,0,0,0,0,1,0.2
2001-02-02 05:25:00,0,0,0,1,0,1,0.2
2001-02-02 06:54:00,0,0,1,0,0,1,0.2
2001-02-02 06:59:00,0,0,1,0,0,1,0.2
2001-02-02 07:00:00,0,0,0,1,0,1,0.2
2001-02-02 07:46:00,0,0,0,1,0,1,0.2
2001-02-02 08:40:00,0,1,0,0,0,1,0.2
2001-02-02 08:44:00,0,1,0,0,0,1,0.2
2001-02-05 00:45:00,0,0,0,1,0,1,0.2
2001-02-05 09:23:00,0,0,1,0,0,1,0.2
2001-02-06 01:01:00,0,1,0,0,0,1,0.2
2001-02-06 01:52:00,1,0,0,0,0,1,0.2
2001-02-06 05:27:00,0,0,1,0,0,1,0.2
2001-02-06 06:12:00,0,0,0,1,0,1,0.2
2001-02-06 23:15:00,0,0,0,1,0,1,0.2
2001-02-07 01:58:00,0,1,0,0,0,1,0.2
2001-02-07 06:54:00,0,0,1,0,0,1,0.2
2001-02-08 23:21:00,1,0,0,0,0,1,0.2
2001-02-09 01:27:00,1,0,0,0,0,1,0.2
2001-02-09 06:05:00,0,0,0,1,0,1,0.2
2001-02-12 03:09:00,0,0,0,1,0,1,0.2
2001-02-12 03:57:00,0,0,0,1,0,1,0.2
2001-02-12 04:18:00,1,0,0,0,0,1,0.2
2001-02-13 05:44:00,0,0,1,0,0,1,0.2
2001-02-13 05:45:00,0,0,0,0,1,1,0.2
2001-02-14 00:24:00,0,0,0,1,0,1,0.2
2001-02-14 03:04:00,1,0,0,0,0,1,0.2
2001-02-15 05:30:00,0,1,0,0,0,1,0.2
2001-02-15 05:33:00,1,0,0,0,0,1,0.2
2001-02-15 07:13:00,1,0,0,0,0,1,0.2
2001-02-15 07:58:00,0,1,0,0,0,1,0.2
2001-02-16 00:52:00,1,0,0,0,0,1,0.2
2001-02-16 01:48:00,0,0,0,0,1,1,0.2
2001-02-16 02:15:00,1,0,0,0,0,1,0.2
2001-02-17 06:18:00,0,0,1,0,0,1,0.2
2001-02-18 11:50:00,0,0,0,0,1,1,0.2
2001-02-18 11:52:00,1,0,0,0,0,1,0.2
2001-02-20 00:46:00,0,0,0,1,0,1,0.2
2001-02-20 01:09:00,0,0,1,0,0,1,0.2
2001-02-20 01:38:00,0,1,0,0,0,1,0.2
2001-02-20 04:08:00,0,1,0,0,0,1,0.2
2001-02-20 04:20:00,1,0,0,0,0,1,0.2
2001-02-20 23:02:00,0,0,0,0,1,1,0.2
2001-02-20 23:04:00,0,0,1,0,0,1,0.2
2001-02-21 03:05:00,0,0,0,1,0,1,0.2
2001-02-21 07:22:00,0,0,1,0,0,1,0.2
2001-02-21 07:31:00,0,0,0,1,0,1,0.2
2001-02-21 07:37:00,0,0,0,0,1,1,0.2
2001-02-21 07:57:00,1,1,0,0,0,2,0.4
2001-02-21 07:58:00,0,0,0,1,0,1,0.2
2001-02-21 08:26:00,0,0,0,1,0,1,0.2
2001-02-22 00:45:00,0,0,0,1,0,1,0.2
2001-02-23 03:15:00,0,0,1,0,0,1,0.2
2001-02-23 03:17:00,0,0,0,0,1,1,0.2
2001-02-23 06:28:00,1,0,0,0,0,1,0.2
2001-02-23 07:01:00,1,0,0,0,0,1,0.2
2001-02-23 08:24:00,0,0,1,0,0,1,0.2
2001-02-24 01:24:00,1,0,0,0,0,1,0.2
2001-02-27 00:58:00,0,0,0,1,0,1,0.2
2001-03-04 23:05:00,1,0,0,0,0,1,0.2
2001-03-05 01:38:00,0,0,1,0,0,1,0.2
2001-03-05 03:16:00,1,0,0,0,0,1,0.2
2001-03-05 05:54:00,1,0,0,0,0,1,0.2
2001-03-05 07:21:00,0,1,0,0,0,1,0.2
2001-03-05 22:56:00,0,1,0,0,0,1,0.2
2001-03-06 02:45:00,1,0,0,0,0,1,0.2
2001-03-06 02:55:00,0,0,0,1,0,1,0.2
2001-03-06 10:45:00,0,0,0,0,1,1,0.2
2001-03-07 01:52:00,1,0,0,0,0,1,0.2
2001-03-07 02:36:00,1,0,0,0,0,1,0.2
2001-03-07 04:09:00,0,0,0,0,1,1,0.2
2001-03-07 05:00:00,0,0,0,1,0,1,0.2
2001-03-07 08:16:00,0,0,0,1,0,1,0.2
2001-03-08 05:33:00,0,0,0,1,0,1,0.2
2001-03-08 06:46:00,0,0,0,0,1,1,0.2
2001-03-09 05:06:00,1,0,0,0,0,1,0.2
2001-03-12 03:48:00,0,0,0,1,0,1,0.2
2001-03-13 01:10:00,0,1,0,0,0,1,0.2
2001-03-13 08:01:00,1,0,0,0,0,1,0.2
2001-03-14 03:25:00,1,0,0,0,0,1,0.2
2001-03-14 03:49:00,0,0,1,0,0,1,0.2
2001-03-14 04:18:00,0,0,0,1,0,1,0.2
2001-03-14 08:01:00,1,0,0,0,0,1,0.2
2001-03-14 08:02:00,1,0,0,0,0,1,0.2
2001-03-14 11:03:00,0,0,0,0,1,1,0.2
2001-03-14 23:11:00,1,0,0,0,0,1,0.2
2001-03-15 04:39:00,0,0,0,1,0,1,0.2
2001-03-15 06:11:00,1,0,0,0,0,1,0.2
2001-03-15 06:23:00,1,0,0,0,0,1,0.2
2001-03-15 06:45:00,0,0,1,0,0,1,0.2
2001-03-15 07:39:00,1,0,0,0,0,1,0.2
2001-03-15 07:42:00,0,0,0,2,0,2,0.4
2001-03-16 04:28:00,0,0,2,0,0,2,0.4
2001-03-19 00:45:00,0,2,0,0,0,2,0.4
2001-03-19 01:25:00,0,0,0,1,0,1,0.2
2001-03-19 01:36:00,0,0,0,2,0,2,0.4
2001-03-19 02:00:00,2,0,0,0,0,2,0.4
2001-03-19 02:38:00,0,0,0,1,0,1,0.2
2001-03-19 03:48:00,2,0,0,0,0,2,0.4
2001-03-20 03:25:00,0,2,0,0,0,2,0.4
2001-03-25 23:03:00,0,0,0,2,0,2,0.4
2001-03-26 00:35:00,2,0,0,0,0,2,0.4
2001-03-26 02:03:00,0,0,0,0,2,2,0.4
2001-03-26 02:58:00,0,0,2,0,0,2,0.4
2001-03-26 04:26:00,0,0,0,0,2,2,0.4
2001-03-26 05:27:00,0,0,2,0,0,2,0.4
2001-03-26 06:21:00,0,0,0,2,0,2,0.4
2001-03-26 06:52:00,0,0,2,0,0,2,0.4
2001-03-26 09:05:00,2,0,0,0,0,2,0.4
2001-03-27 03:37:00,2,0,0,0,0,2,0.4
2001-03-27 04:06:00,0,0,0,2,0,2,0.4
2001-03-27 06:29:00,0,0,0,2,0,2,0.4
2001-03-28 01:56:00,0,2,0,0,0,2,0.4
2001-03-28 04:43:00,2,0,0,0,0,2,0.4
2001-03-28 08:03:00,0,0,0,2,0,2,0.4
2001-03-28 23:13:00,0,0,0,2,0,2,0.4
2001-03-29 01:41:00,0,0,0,2,0,2,0.4
2001-03-29 02:03:00,2,0,0,0,0,2,0.4
2001-03-29 02:11:00,0,0,0,2,0,2,0.4
2001-03-29 02:19:00,0,0,0,2,0,2,0.4
2001-03-29 03:59:00,0,2,0,0,0,2,0.4
2001-03-29 04:01:00,0,0,0,2,0,2,0.4
2001-04-02 05:52:00,0,0,2,0,0,2,0.4
2001-04-02 07:51:00,0,0,0,2,0,2,0.4
2001-04-03 01:30:00,0,0,0,0,2,2,0.4
2001-04-03 01:53:00,0,0,2,0,0,2,0.4
2001-04-04 00:19:00,2,0,0,0,0,2,0.4
2001-04-04 07:43:00,0,0,0,2,0,2,0.4
2001-04-06 02:40:00,2,0,0,0,0,2,0.4
2001-04-09 02:34:00,2,0,0,0,0,2,0.4
2001-04-09 07:08:00,0,0,2,0,0,2,0.4
2001-04-09 09:49:00,2,0,0,0,0,2,0.4
2001-04-09 09:51:00,0,0,0,0,2,2,0.4
2001-04-10 03:26:00,0,0,0,0,2,2,0.4
2001-04-10 07:39:00,2,0,0,0,0,2,0.4
2001-04-10 10:51:00,0,0,0,2,0,2,0.4
2001-04-11 04:14:00,0,0,0,2,0,2,0.4
2001-04-11 05:26:00,0,0,0,2,0,2,0.4
2001-04-11 07:45:00,0,2,0,0,0,2,0.4
2001-04-12 02:59:00,0,0,0,2,0,2,0.4
2001-04-12 03:09:00,0,0,0,2,0,2,0.4
2001-04-12 03:34:00,0,0,0,0,2,2,0.4
2001-04-12 05:59:00,0,0,0,0,2,2,0.4
2001-04-16 03:34:00,2,0,0,0,0,2,0.4
2001-04-16 13:34:00,1,0,0,0,0,1,0.2
2001-04-18 01:11:00,2,0,0,0,0,2,0.4
2001-04-18 01:22:00,0,0,1,0,0,1,0.2
2001-04-18 03:30:00,0,0,2,0,0,2,0.4
2001-04-18 03:58:00,2,0,0,0,0,2,0.4
2001-04-18 07:21:00,0,0,0,0,2,2,0.4
2001-04-18 07:51:00,2,0,0,0,0,2,0.4
2001-04-18 11:11:00,1,0,0,0,0,1,0.2
2001-04-18 11:22:00,0,0,1,0,0,1,0.2
2001-04-18 13:30:00,0,0,1,0,0,1,0.2
2001-04-18 13:58:00,1,0,0,0,0,1,0.2
2001-04-18 17:21:00,0,0,0,0,1,1,0.2
2001-04-18 17:51:00,1,0,0,0,0,1,0.2
2001-04-19 03:00:00,0,0,0,0,1,1,0.2
2001-04-19 05:03:00,1,0,0,0,0,1,0.2
2001-04-19 13:00:00,0,0,0,0,1,1,0.2
2001-04-23 02:41:00,0,0,0,2,0,2,0.4
2001-04-23 03:31:00,0,0,1,0,0,1,0.2
2001-04-23 03:40:00,0,0,2,2,0,4,0.8
2001-04-23 03:45:00,0,0,2,0,0,2,0.4
2001-04-23 12:41:00,0,0,0,1,0,1,0.2
2001-04-23 13:31:00,0,0,1,0,0,1,0.2
2001-04-23 13:40:00,0,0,1,1,0,2,0.4
2001-04-23 13:45:00,0,0,1,0,0,1,0.2
2001-04-24 02:13:00,2,0,0,0,0,2,0.4
2001-04-24 02:27:00,2,0,0,0,0,2,0.4
2001-04-24 03:05:00,2,0,0,0,0,2,0.4
2001-04-24 05:08:00,0,0,2,0,0,2,0.4
2001-04-24 07:26:00,0,0,0,0,3,3,0.6
2001-04-24 12:13:00,1,0,0,0,0,1,0.2
2001-04-24 12:27:00,1,0,0,0,0,1,0.2
2001-04-24 13:05:00,1,0,0,0,0,1,0.2
2001-04-24 15:08:00,0,0,1,0,0,1,0.2
2001-04-24 17:26:00,0,0,0,0,2,2,0.4
2001-04-25 06:09:00,0,0,0,2,0,2,0.4
2001-04-25 06:28:00,0,0,2,0,0,2,0.4
2001-04-25 06:52:00,0,0,0,2,0,2,0.4
2001-04-25 08:57:00,0,2,0,0,0,2,0.4
2001-04-25 16:09:00,0,0,0,1,0,1,0.2
2001-04-25 16:28:00,0,0,1,0,0,1,0.2
2001-04-25 16:52:00,0,0,0,1,0,1,0.2
2001-04-25 18:57:00,0,1,0,0,0,1,0.2
2001-04-26 01:34:00,0,0,2,0,0,2,0.4
2001-04-26 06:27:00,0,0,0,0,2,2,0.4
2001-04-26 07:01:00,0,0,1,0,0,1,0.2
2001-04-26 11:34:00,0,0,1,0,0,1,0.2
2001-04-26 16:27:00,0,0,0,0,1,1,0.2
2001-04-26 17:01:00,0,0,1,0,0,1,0.2
2001-04-27 03:02:00,0,2,0,0,0,2,0.4
2001-04-27 03:37:00,1,0,0,0,0,1,0.2
2001-04-27 13:02:00,0,1,0,0,0,1,0.2
2001-04-27 13:37:00,1,0,0,0,0,1,0.2
2001-04-30 03:37:00,2,0,0,0,0,2,0.4
2001-04-30 04:22:00,2,0,0,0,0,2,0.4
2001-04-30 09:04:00,2,0,0,0,0,2,0.4
2001-04-30 13:37:00,1,0,0,0,0,1,0.2
2001-04-30 14:22:00,1,0,0,0,0,1,0.2
2001-04-30 19:04:00,1,0,0,0,0,1,0.2
2001-05-01 07:14:00,0,0,0,0,4,4,0.8
2001-05-01 17:14:00,2,0,0,0,0,2,0.4
2001-05-01 22:27:00,2,0,0,0,0,2,0.4
2001-05-02 00:36:00,0,0,2,0,0,2,0.4
2001-05-02 10:27:00,1,0,0,0,0,1,0.2
2001-05-02 12:36:00,0,0,1,0,0,1,0.2
2001-05-03 03:57:00,0,0,2,0,0,2,0.4
2001-05-03 15:57:00,0,0,1,0,0,1,0.2
2001-05-03 23:26:00,2,0,0,0,0,2,0.4
2001-05-04 01:51:00,0,0,2,0,0,2,0.4
2001-05-04 05:18:00,0,0,0,0,2,2,0.4
2001-05-04 11:26:00,1,0,0,0,0,1,0.2
2001-05-04 13:51:00,0,0,1,0,0,1,0.2
2001-05-04 15:18:00,0,0,0,0,1,1,0.2
2001-05-06 23:54:00,2,0,0,0,0,2,0.4
2001-05-07 02:28:00,0,0,0,0,2,2,0.4
2001-05-07 06:23:00,0,0,2,0,0,2,0.4
2001-05-07 11:54:00,1,0,0,0,0,1,0.2
2001-05-07 12:28:00,0,0,0,0,1,1,0.2
2001-05-07 16:23:00,0,0,1,0,0,1,0.2
2001-05-09 05:13:00,0,0,1,0,0,1,0.2
2001-05-09 17:13:00,0,0,1,0,0,1,0.2
2001-05-10 00:50:00,2,0,0,0,0,2,0.4
2001-05-10 06:05:00,0,0,0,1,0,1,0.2
2001-05-10 12:50:00,1,0,0,0,0,1,0.2
2001-05-10 23:26:00,0,0,2,0,0,2,0.4
2001-05-11 09:54:00,0,0,0,0,1,1,0.2
2001-05-11 11:26:00,0,0,1,0,0,1,0.2
2001-05-14 01:39:00,0,0,0,2,0,2,0.4
2001-05-14 06:39:00,0,0,0,0,2,2,0.4
2001-05-14 07:10:00,0,0,0,0,1,1,0.2
2001-05-14 09:04:00,1,0,0,0,0,1,0.2
2001-05-14 09:09:00,1,0,0,0,0,1,0.2
2001-05-14 09:39:00,1,0,0,0,0,1,0.2
2001-05-14 10:24:00,1,0,0,0,0,1,0.2
2001-05-14 10:32:00,1,0,0,0,0,1,0.2
2001-05-14 13:39:00,0,0,0,1,0,1,0.2
2001-05-14 16:39:00,0,0,0,0,1,1,0.2
